{"LOCATED":"C102","VALUE":0.005001,"ACUMULADO":32.75501,"PULSE":2,"KWH":0.005}