{"COMPUTER":"CEPF-C102-C01","totalSize":510418071552,"freeSpace":307860815872,"usedSpace":202557255680,"usedPercentage":39.684577598143292,"redMBs":0.0002083351428154856,"writeMBs":0.022372014820575714,"readMaxMBs":11.652702331542969,"writeMaxMBs":11.627542495727539}